-- Seed data: Jan 2025 – Sep 2025 (run after migrations)

-- revenue_summary (Jan–Sep 2025). Note: flow_music_zone, flow_data_pack = 0; total is computed.
INSERT INTO revenue_summary (month, ringtune, eauc, combo, sznb, flow_music_zone, flow_subscription, flow_data_pack, youtube, spotify, tiktok) VALUES
('2025-01-01', 66745236.91, 52678592, 306978.75, 41885673.60, 0, 22103481.85, 0, 197323395, 24084194.46, 28061689.46),
('2025-02-01', 56161726.29, 46759047.40, 253033, 40523557.25, 0, 19832940.95, 0, 203930115, 27988080.60, 1695409.12),
('2025-03-01', 60638814, 50405338.40, 576281, 39065282.05, 0, 19216432.60, 0, 248806053.60, 26240264.58, 1524928.28),
('2025-04-01', 56433186, 46620489, 250892, 35218663.40, 0, 16559030.20, 0, 220534725.10, 27596745.54, 734650.97),
('2025-05-01', 57375541, 49605385, 265021, 44053362.90, 0, 17387922.35, 0, 238043835.40, 38181017.35, 40179884.50),
('2025-06-01', 57578824, 46571782, 260739, 40333945.55, 0, 16322787.80, 0, 224689516.40, 33909371.27, 32691702.76),
('2025-07-01', 72035451, 57952162, 444096.35, 41261155.20, 0, 17537002.40, 0, 207764758.90, 36682270.39, 17881871.88),
('2025-08-01', 76617767.17, 60336227.24, 792347.68, 40491831.25, 0, 17572859.10, 0, 223429847.30, 35154646.18, 22739552.35),
('2025-09-01', 77116509.65, 56599271.83, 1023114.54, 42115981.05, 0, 22595513.45, 0, 0, 0, 0);

-- ringtune
INSERT INTO ringtune (month, mpt, atom, ooredoo) VALUES
('2025-01-01', 16433975, 42195637.91, 8115624),
('2025-02-01', 14283984, 34979194.29, 6898548),
('2025-03-01', 15401779, 38433960, 6803075),
('2025-04-01', 14326006, 35625015, 6482165),
('2025-05-01', 14869501, 35835345, 6670695),
('2025-06-01', 13669948, 37452611, 6456265),
('2025-07-01', 12773347, 52974124, 6287980),
('2025-08-01', 12277489.17, 58149747, 6190531),
('2025-09-01', 11446453.74, 59536182.91, 6133873);

-- mpt (Legacy, Etrade, Fortune, Unico × Ringtune, EAUC, Combo). Sep total 68,606,786.17 from local sheet - proportional split.
INSERT INTO mpt (month, legacy_ringtune, legacy_eauc, legacy_combo, etrade_ringtune, etrade_eauc, etrade_combo, fortune_ringtune, fortune_eauc, fortune_combo, unico_ringtune, unico_eauc, unico_combo) VALUES
('2025-01-01', 3001400, 11750691, 0, 5467084, 15301773, 0, 5145085, 20408336, 0, 2820406, 5068167, 0),
('2025-02-01', 2637237, 10672581, 0, 4646360, 13483678, 0, 4513825, 17927976, 0, 2486562, 4534967, 0),
('2025-03-01', 2851177, 11688209, 0, 5115826, 14399735, 0, 4773966, 19580379, 0, 2660810, 4538483, 0),
('2025-04-01', 2618096, 10723122, 0, 4619264, 13019551, 0, 4594996, 17961129, 0, 2493650, 4467773, 0),
('2025-05-01', 2762001, 11979621, 0, 4826335, 13715322, 0, 4717071, 19001714, 0, 2564094, 4715367, 0),
('2025-06-01', 2557795, 11463340, 0, 4443129, 12759172, 0, 4271253, 17739167, 0, 2397771, 4406578, 0),
('2025-07-01', 2378334, 14384224, 44953, 4132273, 15804139, 19534, 3969859, 22044527, 43944.35, 2292881, 5516889, 0),
('2025-08-01', 2230219, 15167618, 231497, 3832616, 16532613, 88249, 3925059.17, 23096666.24, 184170.68, 2289595, 5308702, 32877),
('2025-09-01', 17000000, 0, 0, 20000000, 0, 0, 27000000, 0, 0, 2289595, 2317184.17, 7);

-- atom
INSERT INTO atom (month, ringtune, eauc, combo) VALUES
('2025-01-01', 42195637.91, 149625, 0),
('2025-02-01', 34979194.29, 139845.40, 0),
('2025-03-01', 38433960, 198532.40, 0),
('2025-04-01', 35625015, 448914, 0),
('2025-05-01', 35835345, 193361, 0),
('2025-06-01', 37452611, 203525, 0),
('2025-07-01', 52974124, 202383, 335665),
('2025-08-01', 58149747, 230628, 285144),
('2025-09-01', 59536182.91, 241988.18, 220065.76);

-- eauc
INSERT INTO eauc (month, mpt, atom) VALUES
('2025-01-01', 52528967, 149625),
('2025-02-01', 46619202, 139845.40),
('2025-03-01', 50206806, 198532.40),
('2025-04-01', 46171575, 448914),
('2025-05-01', 49412024, 193361),
('2025-06-01', 46368257, 203525),
('2025-07-01', 57749779, 202383),
('2025-08-01', 60105599.24, 230628),
('2025-09-01', 56357283.65, 241988.18);

-- combo
INSERT INTO combo (month, mpt, atom) VALUES
('2025-01-01', 0, 306978.75),
('2025-02-01', 0, 253033),
('2025-03-01', 0, 576281),
('2025-04-01', 0, 250892),
('2025-05-01', 0, 265021),
('2025-06-01', 0, 260739),
('2025-07-01', 108431.35, 335665),
('2025-08-01', 507203.68, 285144),
('2025-09-01', 803048.78, 220065.76);

-- local
INSERT INTO local (month, mpt, atom, ooredoo) VALUES
('2025-01-01', 67674500, 42345263, 8115624),
('2025-02-01', 60903186, 35124540, 6898548),
('2025-03-01', 65608585, 38632592, 6803075),
('2025-04-01', 60497581, 36073929, 6482165),
('2025-05-01', 64281525, 36034606, 6670695),
('2025-06-01', 60038205, 37653136, 6456265),
('2025-07-01', 70631557.35, 53374727, 6287980),
('2025-08-01', 72890292.09, 58663319, 6190531),
('2025-09-01', 68606786.17, 59982376.85, 6133873);

-- sznb
INSERT INTO sznb (month, mpt, atom, kpay_mini_app, kpay_qr, kpay_ecommerce, wave_money, dinger) VALUES
('2025-01-01', 10291595.60, 1781992, 1695750, 473620, 22992925, 2934735, 1715056),
('2025-02-01', 8467599.25, 1889740, 1837700, 436805, 22783400, 2677685, 2430628),
('2025-03-01', 8578521.05, 2695105, 1083750, 457700, 22376250, 2363890, 1510066),
('2025-04-01', 7654681.65, 2391720, 1354050, 393273.75, 19368100, 2726670, 1330168),
('2025-05-01', 7901111.90, 4347742, 2682600, 328350, 23900300, 2027300, 2865959),
('2025-06-01', 7517153.05, 4084908, 1264800, 658192.50, 23677600, 2225180, 906112),
('2025-07-01', 8329631.20, 3707950, 2797350, 135320, 22135700, 2312550, 1842654),
('2025-08-01', 8263846.25, 3309208, 1509600, 186065, 22838650, 2261070, 2123392),
('2025-09-01', 7655786.05, 2909584, 2060400, 366160, 24525050, 2301650, 2297351);

-- flow_subscription
INSERT INTO flow_subscription (month, mpt, kpay) VALUES
('2025-01-01', 13406031.10, 8697450.75),
('2025-02-01', 12132932.90, 7700008.05),
('2025-03-01', 12335985.20, 6880447.40),
('2025-04-01', 10785131.50, 5773898.70),
('2025-05-01', 11020660.75, 6367261.60),
('2025-06-01', 10278919.75, 6043868.05),
('2025-07-01', 11205137.35, 6331865.05),
('2025-08-01', 11701294.55, 5871564.55),
('2025-09-01', 16680895.55, 5914617.90);

-- youtube
INSERT INTO youtube (month, solution_one, fuga, believe) VALUES
('2025-01-01', 168594441, 2632943.03, 26096010.93),
('2025-02-01', 176463444, 2622318.83, 24844352.21),
('2025-03-01', 213020752, 3218612.16, 32566689.48),
('2025-04-01', 188545692, 3560619.32, 28428413.73),
('2025-05-01', 200821284, 7821754.19, 29400797.21),
('2025-06-01', 190557605, 4905142.10, 29226769.28),
('2025-07-01', 168480593, 7378377.63, 31905788.31),
('2025-08-01', 170427614, 7265826.02, 45736407.26);

-- spotify
INSERT INTO spotify (month, fuga, believe) VALUES
('2025-01-01', 23575647.43, 508547.03),
('2025-02-01', 27533277.21, 454803.39),
('2025-03-01', 26055350.71, 184913.88),
('2025-04-01', 27419245.97, 177499.56),
('2025-05-01', 38009343.77, 171673.58),
('2025-06-01', 33570483.17, 338888.10),
('2025-07-01', 36403670.19, 278600.21),
('2025-08-01', 34877072.96, 277573.22);

-- tiktok
INSERT INTO tiktok (month, fuga, believe) VALUES
('2025-01-01', 25988393.52, 2073295.94),
('2025-02-01', 0, 1695409.12),
('2025-03-01', 134842.80, 1390085.48),
('2025-04-01', 0, 734650.97),
('2025-05-01', 38788963.47, 1390921.04),
('2025-06-01', 31226700.50, 1465002.26),
('2025-07-01', 16477891.09, 1403980.79),
('2025-08-01', 21402564.17, 1336988.18);